LogText,Label
API responded with 409 Conflict [ID:1561],api_error
Gateway unreachable [ID:3430],network_error
Timeout accessing resource [ID:5098],service_timeout
Password attempt failed [ID:2335],authentication_failure
API responded with 409 Conflict [ID:2839],api_error
Directory /tmp/cache not accessible [ID:9103],filesystem_error
File not found: /etc/config.json [ID:2946],filesystem_error
Token validated successfully [ID:9826],authentication_success
Token invalid: signature mismatch [ID:3958],authentication_failure
POST /webhook processed [ID:7830],api_request
Disk quota exceeded for user 'app' [ID:7723],resource_exhaustion
Cache eviction storm detected [ID:1661],resource_exhaustion
Symbolic link loop detected [ID:7158],filesystem_error
Packet loss exceeded 5% [ID:6808],network_error
Password attempt failed [ID:1779],authentication_failure
Request stalled in queue [ID:1156],service_timeout
Login succeeded [ID:1064],authentication_success
Authentication failed: invalid password [ID:7941],authentication_failure
Permission denied: /var/log/syslog [ID:7531],filesystem_error
Certificate validation fail for site example.com [ID:8914],security_alert
Unable to write to log file [ID:2911],filesystem_error
Health probe timed out [ID:3396],service_timeout
API responded with 409 Conflict [ID:9049],api_error
Database unreachable: timeout [ID:7099],database_error
Token invalid: signature mismatch [ID:2508],authentication_failure
Session established for user 'root' [ID:6140],authentication_success
Relation 'users' does not exist [ID:8079],database_error
API timeout while waiting for upstream [ID:6889],api_error
YAML syntax error at line 10 [ID:9279],configuration_error
PUT /api/items failed [ID:5838],api_error
Connection refused by host [ID:4711],network_error
Successfully authenticated user 'service_account' [ID:7837],authentication_success
Blocked by firewall: inbound connection from blacklisted IP [ID:5054],security_alert
Missing environment variable 'API_KEY' [ID:1324],configuration_error
Gateway unreachable [ID:8619],network_error
PUT /api/user/123 received [ID:3550],api_request
Authentication failed: invalid password [ID:3776],authentication_failure
User 'guest' blocked after failed login attempts [ID:7326],authentication_failure
No space left on device [ID:6757],filesystem_error
TLS handshake error [ID:4452],network_error
Thread pool exhausted [ID:7706],resource_exhaustion
API error: internal server error [ID:5124],api_error
Out of memory: Kill process 1234 (java) [ID:3190],resource_exhaustion
Invalid XML structure [ID:8722],configuration_error
Invalid credential provided for user 'jdoe' [ID:5224],authentication_failure
File not found: /etc/config.json [ID:7966],filesystem_error
YAML syntax error at line 10 [ID:2513],configuration_error
No space left on device [ID:3847],filesystem_error
Packet loss exceeded 5% [ID:5502],network_error
Malware detected in file upload [ID:9576],security_alert
Kerberos authentication failed [ID:2808],authentication_failure
Authentication failed: invalid password [ID:4702],authentication_failure
Authentication succeeded [ID:2196],authentication_success
Permission denied: /var/log/syslog [ID:8961],filesystem_error
Duplicate key value violates unique constraint [ID:3046],database_error
DELETE /api/item/55 processed [ID:1192],api_request
Authentication succeeded [ID:1355],authentication_success
Route unavailable to 10.0.0.0/24 [ID:7182],network_error
File corruption detected [ID:2547],filesystem_error
DNS resolution failed for host 'db-primary' [ID:1873],network_error
Authentication failed: invalid password [ID:7994],authentication_failure
Multiple failed login attempts from single IP [ID:3337],security_alert
Timeout contacting auth service [ID:8999],service_timeout
Database unreachable: timeout [ID:2356],database_error
Packet loss exceeded 5% [ID:5160],network_error
TLS handshake error [ID:4373],network_error
User 'guest' blocked after failed login attempts [ID:6704],authentication_failure
Invalid configuration value for 'timeout' [ID:8680],configuration_error
Database unreachable: timeout [ID:6553],database_error
POST /webhook processed [ID:8266],api_request
Unsupported configuration version [ID:2708],configuration_error
GET /api/v1/users returned error 500 [ID:6276],api_error
DNS resolution failed for host 'db-primary' [ID:7725],network_error
DELETE /api/item/55 processed [ID:9745],api_request
Accepted password for user 'jdoe' [ID:2079],authentication_success
No space left on device [ID:3112],filesystem_error
File corruption detected [ID:4236],filesystem_error
Multiple failed login attempts from single IP [ID:1275],security_alert
Database unreachable: timeout [ID:1567],database_error
MongoDB connection refused [ID:8862],database_error
API responded with 409 Conflict [ID:9987],api_error
OOM-killed process apache2 [ID:9140],resource_exhaustion
DNS resolution failed for host 'db-primary' [ID:9246],network_error
Multiple failed login attempts from single IP [ID:8709],security_alert
Disk quota exceeded for user 'app' [ID:6312],resource_exhaustion
Timeout contacting auth service [ID:3571],service_timeout
Login succeeded from 10.0.0.5 [ID:3639],authentication_success
OPTIONS /api/cors check executed [ID:3105],api_request
Health probe timed out [ID:1181],service_timeout
GET /api/v1/users returned error 500 [ID:8115],api_error
Service timeout: upstream did not respond [ID:9268],service_timeout
Session established for user 'root' [ID:4163],authentication_success
YAML syntax error at line 10 [ID:5652],configuration_error
Missing environment variable 'API_KEY' [ID:5785],configuration_error
Timeout accessing resource [ID:9914],service_timeout
High network latency detected [ID:4419],network_error
API responded with 503 Service Unavailable [ID:8914],api_error
Cache eviction storm detected [ID:6829],resource_exhaustion
Connection refused by host [ID:5756],network_error
Data breach alert: sensitive data access [ID:5885],security_alert
API responded with 409 Conflict [ID:5578],api_error
Access denied for user 'test' [ID:7606],authentication_failure
Health probe timed out [ID:5552],service_timeout
GET /api/v1/users returned error 500 [ID:4706],api_error
Port scan detected from 192.168.1.50 [ID:3682],security_alert
Cache eviction storm detected [ID:8989],resource_exhaustion
Relation 'users' does not exist [ID:8253],database_error
Relation 'users' does not exist [ID:1137],database_error
Unable to write to log file [ID:5350],filesystem_error
CPU starvation detected [ID:5340],resource_exhaustion
OPTIONS /api/cors check executed [ID:8269],api_request
Blocked by firewall: inbound connection from blacklisted IP [ID:1918],security_alert
Intrusion attempt detected [ID:5500],security_alert
Operation timed out [ID:1665],service_timeout
Cache eviction storm detected [ID:9803],resource_exhaustion
Malformed API request received [ID:6140],api_error
GET /api/v2/status received [ID:4182],api_request
Query failed: timeout [ID:6237],database_error
API responded with 503 Service Unavailable [ID:9257],api_error
Service timeout: upstream did not respond [ID:4690],service_timeout
MFA challenge passed [ID:3713],authentication_success
Request stalled in queue [ID:5289],service_timeout
Security alert: unauthorized access detected [ID:3918],security_alert
Request timed out after 30000ms [ID:9772],service_timeout
Incorrect permission on config file [ID:8164],configuration_error
Failed to delete temporary file [ID:6233],filesystem_error
Untrusted binary execution prevented [ID:7787],security_alert
Successfully authenticated user 'service_account' [ID:4831],authentication_success
Integrity failure: foreign key constraint [ID:6214],database_error
POST /api/login initiated [ID:9953],api_request
Permission denied: /var/log/syslog [ID:9804],filesystem_error
Too many open files [ID:7985],resource_exhaustion
Incoming request GET /index.html [ID:9932],api_request
Out of memory: Kill process 1234 (java) [ID:4645],resource_exhaustion
POST /api/login initiated [ID:6502],api_request
Incoming request from 10.0.0.1 [ID:9533],api_request
GET /api/v1/users returned error 500 [ID:9748],api_error
Accepted password for user 'jdoe' [ID:6460],authentication_success
Gateway unreachable [ID:5323],network_error
Successful authentication for user 'admin' [ID:7439],authentication_success
Missing environment variable 'API_KEY' [ID:1110],configuration_error
API timeout while waiting for upstream [ID:7787],api_error
GET /api/v2/status received [ID:1486],api_request
File not found: /etc/config.json [ID:6593],filesystem_error
Accepted password for user 'jdoe' [ID:3361],authentication_success
Invalid configuration value for 'timeout' [ID:1408],configuration_error
Security alert: unauthorized access detected [ID:5489],security_alert
Database unreachable: timeout [ID:6358],database_error
SSO login denied for token 12345 [ID:2183],authentication_failure
Error parsing config: unexpected token [ID:3506],configuration_error
Incoming request from 10.0.0.1 [ID:9337],api_request
Packet loss exceeded 5% [ID:3854],network_error
Untrusted binary execution prevented [ID:3448],security_alert
Token invalid: signature mismatch [ID:6134],authentication_failure
Gateway unreachable [ID:9551],network_error
System load exceeded threshold [ID:5690],resource_exhaustion
Query failed: timeout [ID:3162],database_error
Login succeeded [ID:9568],authentication_success
Privilege escalation attempt blocked [ID:1159],security_alert
Gateway returned 502 Bad Gateway [ID:7024],api_error
POST /api/login initiated [ID:5216],api_request
Transaction deadlock detected [ID:5531],database_error
No space left on device [ID:2691],filesystem_error
CPU starvation detected [ID:1625],resource_exhaustion
Insufficient memory to spawn new thread [ID:5168],resource_exhaustion
Intrusion attempt detected [ID:9577],security_alert
Route unavailable to 10.0.0.0/24 [ID:4052],network_error
Operation timed out [ID:8499],service_timeout
Filesystem error: read-only file system [ID:9056],filesystem_error
Data breach alert: sensitive data access [ID:3976],security_alert
Integrity failure: foreign key constraint [ID:2719],database_error
Token invalid: signature mismatch [ID:1673],authentication_failure
GET /api/v1/users returned error 500 [ID:5918],api_error
Incorrect permission on config file [ID:1287],configuration_error
DELETE /api/item/55 processed [ID:7767],api_request
OPTIONS /api/cors check executed [ID:1178],api_request
Database unreachable: timeout [ID:8603],database_error
Multiple failed login attempts from single IP [ID:4555],security_alert
Invalid configuration value for 'timeout' [ID:5668],configuration_error
Filesystem error: read-only file system [ID:7232],filesystem_error
System load exceeded threshold [ID:2312],resource_exhaustion
Untrusted binary execution prevented [ID:8754],security_alert
POST /api/orders crashed [ID:1114],api_error
SQL error: syntax error near 'FROM' [ID:5562],database_error
Directory /tmp/cache not accessible [ID:9173],filesystem_error
Error parsing config: unexpected token [ID:4351],configuration_error
Anomalous login from unusual location [ID:1287],security_alert
Malware detected in file upload [ID:1526],security_alert
User 'guest' blocked after failed login attempts [ID:1435],authentication_failure
Duplicate key value violates unique constraint [ID:7392],database_error
Malformed JSON in config file [ID:9959],configuration_error
PATCH /api/settings initiated [ID:4684],api_request
High network latency detected [ID:5105],network_error
GET /api/v2/status received [ID:3453],api_request
Filesystem error: read-only file system [ID:6152],filesystem_error
Intrusion attempt detected [ID:3495],security_alert
Connection timed out [ID:4776],service_timeout
Kerberos authentication failed [ID:4416],authentication_failure
Connection timed out [ID:7775],service_timeout
Relation 'users' does not exist [ID:6696],database_error
File not found: /etc/config.json [ID:5467],filesystem_error
MFA verification failed [ID:6527],authentication_failure
Unknown configuration key 'feature_x' [ID:6051],configuration_error
Token validated successfully [ID:3521],authentication_success
Timeout contacting auth service [ID:2014],service_timeout
Connection refused by host [ID:8972],network_error
Intrusion attempt detected [ID:4136],security_alert
Malformed API request received [ID:8203],api_error
Filesystem error: read-only file system [ID:9120],filesystem_error
Certificate validation fail for site example.com [ID:6402],security_alert
Accepted password for user 'jdoe' [ID:1038],authentication_success
POST /api/login initiated [ID:7062],api_request
Insufficient memory to spawn new thread [ID:8391],resource_exhaustion
Operation timed out [ID:3002],service_timeout
POST /api/orders crashed [ID:8824],api_error
Malformed JSON in config file [ID:3731],configuration_error
SSO login denied for token 12345 [ID:3662],authentication_failure
MFA verification failed [ID:3280],authentication_failure
Network unreachable [ID:5479],network_error
Security alert: unauthorized access detected [ID:8761],security_alert
DELETE /api/item/55 processed [ID:2442],api_request
HEAD /health started [ID:7595],api_request
Anomalous login from unusual location [ID:9312],security_alert
Error parsing config: unexpected token [ID:7311],configuration_error
Session established for user 'root' [ID:6819],authentication_success
Out of memory: Kill process 1234 (java) [ID:6216],resource_exhaustion
SQL error: syntax error near 'FROM' [ID:5106],database_error
Database unreachable: timeout [ID:4963],database_error
Cache eviction storm detected [ID:2396],resource_exhaustion
API error: internal server error [ID:9782],api_error
MFA challenge passed [ID:8398],authentication_success
Duplicate key value violates unique constraint [ID:3402],database_error
Password attempt failed [ID:3150],authentication_failure
Configuration error: missing parameter 'db_host' [ID:9266],configuration_error
MFA challenge passed [ID:9796],authentication_success
Authentication failed: invalid password [ID:3045],authentication_failure
OPTIONS /api/cors check executed [ID:5977],api_request
POST /api/orders crashed [ID:7762],api_error
System load exceeded threshold [ID:8681],resource_exhaustion
Error parsing config: unexpected token [ID:7845],configuration_error
Kerberos authentication failed [ID:9749],authentication_failure
Timed out waiting for lock [ID:2695],service_timeout
Multiple failed login attempts from single IP [ID:5546],security_alert
Operation timed out [ID:1849],service_timeout
POST /api/login initiated [ID:7679],api_request
Service timeout: upstream did not respond [ID:4978],service_timeout
Access denied for user 'test' [ID:4231],authentication_failure
YAML syntax error at line 10 [ID:8735],configuration_error
Error parsing config: unexpected token [ID:3619],configuration_error
Invalid configuration value for 'timeout' [ID:3237],configuration_error
SSO login denied for token 12345 [ID:7637],authentication_failure
No space left on device [ID:2792],filesystem_error
Token invalid: signature mismatch [ID:4272],authentication_failure
HEAD /health started [ID:4044],api_request
Thread pool exhausted [ID:1036],resource_exhaustion
Query failed: timeout [ID:9379],database_error
API error: internal server error [ID:6868],api_error
Packet loss exceeded 5% [ID:5214],network_error
Route unavailable to 10.0.0.0/24 [ID:8530],network_error
TCP connection reset by peer [ID:3694],network_error
MFA verification failed [ID:8484],authentication_failure
DELETE /api/item/55 processed [ID:6322],api_request
Untrusted binary execution prevented [ID:7704],security_alert
Port scan detected from 192.168.1.50 [ID:1500],security_alert
Operation timed out [ID:1280],service_timeout
High network latency detected [ID:4810],network_error
Invalid configuration value for 'timeout' [ID:3095],configuration_error
Successfully authenticated user 'service_account' [ID:5299],authentication_success
Timed out waiting for lock [ID:7333],service_timeout
Accepted password for user 'jdoe' [ID:1379],authentication_success
MongoDB connection refused [ID:3202],database_error
Database connection refused [ID:2664],database_error
POST /api/login initiated [ID:9535],api_request
POST /api/login initiated [ID:8359],api_request
Port scan detected from 192.168.1.50 [ID:6373],security_alert
Error parsing config: unexpected token [ID:8585],configuration_error
Permission denied: /var/log/syslog [ID:7971],filesystem_error
Kerberos authentication failed [ID:5241],authentication_failure
Invalid configuration value for 'timeout' [ID:9414],configuration_error
POST /webhook processed [ID:1775],api_request
High network latency detected [ID:2292],network_error
User 'guest' blocked after failed login attempts [ID:8910],authentication_failure
Service timeout: upstream did not respond [ID:7200],service_timeout
Malformed JSON in config file [ID:3862],configuration_error
Data breach alert: sensitive data access [ID:6795],security_alert
Incoming request from 10.0.0.1 [ID:1466],api_request
Authentication succeeded [ID:7893],authentication_success
Service timeout: upstream did not respond [ID:5824],service_timeout
TCP connection reset by peer [ID:3790],network_error
Invalid XML structure [ID:5104],configuration_error
Packet loss exceeded 5% [ID:3621],network_error
Exceeded timeout limit [ID:6127],service_timeout
MFA challenge passed [ID:5096],authentication_success
Unknown configuration key 'feature_x' [ID:5422],configuration_error
PATCH /api/settings initiated [ID:5061],api_request
CPU starvation detected [ID:3422],resource_exhaustion
Token successfully verified [ID:4700],authentication_success
Incoming request from 10.0.0.1 [ID:5514],api_request
System load exceeded threshold [ID:9180],resource_exhaustion
Invalid credential provided for user 'jdoe' [ID:1073],authentication_failure
Duplicate key value violates unique constraint [ID:9444],database_error
Kerberos authentication failed [ID:7751],authentication_failure
Data breach alert: sensitive data access [ID:4341],security_alert
Integrity failure: foreign key constraint [ID:9150],database_error
SSL handshake failed [ID:8061],network_error
MFA challenge passed [ID:2018],authentication_success
SQL error: syntax error near 'FROM' [ID:2103],database_error
Invalid credential provided for user 'jdoe' [ID:1009],authentication_failure
Relation 'users' does not exist [ID:3351],database_error
Postgres connection failed [ID:2793],database_error
OOM-killed process apache2 [ID:4213],resource_exhaustion
Data breach alert: sensitive data access [ID:4910],security_alert
Request stalled in queue [ID:2806],service_timeout
File corruption detected [ID:6633],filesystem_error
Exceeded timeout limit [ID:4082],service_timeout
TLS handshake error [ID:2867],network_error
Request timed out after 30000ms [ID:8386],service_timeout
Database unreachable: timeout [ID:4015],database_error
Thread pool exhausted [ID:9240],resource_exhaustion
Cache eviction storm detected [ID:2579],resource_exhaustion
OOM-killed process apache2 [ID:1104],resource_exhaustion
Malformed API request received [ID:8607],api_error
Multiple failed login attempts from single IP [ID:9272],security_alert
TLS handshake error [ID:7186],network_error
Authentication succeeded [ID:6216],authentication_success
No space left on device [ID:2967],filesystem_error
Successfully authenticated user 'service_account' [ID:2576],authentication_success
API responded with 409 Conflict [ID:5128],api_error
Malformed API request received [ID:9975],api_error
SQL error: syntax error near 'FROM' [ID:5094],database_error
Connection timed out [ID:1205],service_timeout
Exceeded timeout limit [ID:1632],service_timeout
Login succeeded from 10.0.0.5 [ID:7905],authentication_success
High network latency detected [ID:5569],network_error
Invalid configuration value for 'timeout' [ID:5996],configuration_error
Malformed API request received [ID:6675],api_error
Request timed out after 30000ms [ID:5484],service_timeout
GET /api/v1/users returned error 500 [ID:1225],api_error
SSL handshake failed [ID:8523],network_error
Token validated successfully [ID:3715],authentication_success
Database connection refused [ID:5899],database_error
Error parsing config: unexpected token [ID:7097],configuration_error
POST /api/login initiated [ID:7261],api_request
Incoming request GET /index.html [ID:1141],api_request
Thread pool exhausted [ID:4458],resource_exhaustion
Thread pool exhausted [ID:6063],resource_exhaustion
Incorrect permission on config file [ID:9237],configuration_error
Invalid configuration value for 'timeout' [ID:4596],configuration_error
SSO login denied for token 12345 [ID:3308],authentication_failure
OOM-killed process apache2 [ID:5681],resource_exhaustion
DNS resolution failed for host 'db-primary' [ID:6238],network_error
Too many open files [ID:5996],resource_exhaustion
Query failed: timeout [ID:3045],database_error
File corruption detected [ID:2063],filesystem_error
Disk quota exceeded [ID:7810],filesystem_error
Login succeeded [ID:1811],authentication_success
Failed to delete temporary file [ID:1721],filesystem_error
Too many open files [ID:8731],resource_exhaustion
Failed login attempt for user 'admin' from 192.168.1.10 [ID:3847],authentication_failure
Incoming request GET /index.html [ID:2447],api_request
Authentication failed: invalid password [ID:2673],authentication_failure
Integrity failure: foreign key constraint [ID:3366],database_error
API responded with 409 Conflict [ID:9121],api_error
PUT /api/items failed [ID:4619],api_error
Successful authentication for user 'admin' [ID:5528],authentication_success
Relation 'users' does not exist [ID:4562],database_error
Error parsing config: unexpected token [ID:7074],configuration_error
Malformed JSON in config file [ID:7372],configuration_error
Unable to write to log file [ID:1555],filesystem_error
Login succeeded [ID:1555],authentication_success
Packet loss exceeded 5% [ID:7728],network_error
Security alert: unauthorized access detected [ID:4482],security_alert
Directory /tmp/cache not accessible [ID:5550],filesystem_error
System load exceeded threshold [ID:8829],resource_exhaustion
Insufficient memory to spawn new thread [ID:8123],resource_exhaustion
Failed to delete temporary file [ID:1614],filesystem_error
Failed to delete temporary file [ID:9971],filesystem_error
Filesystem error: read-only file system [ID:2133],filesystem_error
Token invalid: signature mismatch [ID:3967],authentication_failure
Login succeeded from 10.0.0.5 [ID:5417],authentication_success
Request stalled in queue [ID:8654],service_timeout
Unsupported configuration version [ID:8905],configuration_error
Connection timed out [ID:6234],service_timeout
Incoming request GET /index.html [ID:8174],api_request
CPU starvation detected [ID:6324],resource_exhaustion
Kerberos authentication failed [ID:2459],authentication_failure
Database connection refused [ID:2575],database_error
Token successfully verified [ID:6731],authentication_success
Token validated successfully [ID:5982],authentication_success
Access denied for user 'test' [ID:9106],authentication_failure
Cache eviction storm detected [ID:3601],resource_exhaustion
Login succeeded from 10.0.0.5 [ID:5814],authentication_success
Authentication succeeded [ID:4885],authentication_success
API responded with 503 Service Unavailable [ID:4075],api_error
PUT /api/user/123 received [ID:4676],api_request
Certificate validation fail for site example.com [ID:3430],security_alert
Unexpected API exception: null pointer [ID:8120],api_error
Security alert: unauthorized access detected [ID:7897],security_alert
MongoDB connection refused [ID:4317],database_error
Exceeded timeout limit [ID:3740],service_timeout
Authentication succeeded [ID:2196],authentication_success
Database unreachable: timeout [ID:3567],database_error
Access denied for user 'test' [ID:6599],authentication_failure
Timed out waiting for lock [ID:5712],service_timeout
Incoming request GET /index.html [ID:9862],api_request
PUT /api/user/123 received [ID:3092],api_request
HEAD /health started [ID:9730],api_request
Failed to delete temporary file [ID:9892],filesystem_error
Packet loss exceeded 5% [ID:5898],network_error
Malformed JSON in config file [ID:7878],configuration_error
Relation 'users' does not exist [ID:6527],database_error
File not found: /etc/config.json [ID:7943],filesystem_error
Too many open files [ID:8586],resource_exhaustion
Permission denied: /var/log/syslog [ID:4924],filesystem_error
SSL handshake failed [ID:1625],network_error
Incoming request GET /index.html [ID:8674],api_request
Disk quota exceeded for user 'app' [ID:9554],resource_exhaustion
Memory allocation failure [ID:6343],resource_exhaustion
Postgres connection failed [ID:9380],database_error
Unknown configuration key 'feature_x' [ID:3372],configuration_error
Disk quota exceeded for user 'app' [ID:9804],resource_exhaustion
Request timed out after 30000ms [ID:5380],service_timeout
CPU starvation detected [ID:8302],resource_exhaustion
GET /api/v1/users returned error 500 [ID:6732],api_error
Authentication failed: invalid password [ID:1192],authentication_failure
Gateway unreachable [ID:7732],network_error
Access denied for user 'test' [ID:6486],authentication_failure
Certificate validation fail for site example.com [ID:7403],security_alert
TLS handshake error [ID:2035],network_error
SSO login denied for token 12345 [ID:1823],authentication_failure
GET /api/v1/users returned error 500 [ID:8817],api_error
Unsupported configuration version [ID:4744],configuration_error
Incorrect permission on config file [ID:6102],configuration_error
Network unreachable [ID:1264],network_error
Database unreachable: timeout [ID:3488],database_error
Successful authentication for user 'admin' [ID:8365],authentication_success
Error parsing config: unexpected token [ID:2327],configuration_error
Multiple failed login attempts from single IP [ID:8421],security_alert
Exceeded timeout limit [ID:7712],service_timeout
Login succeeded from 10.0.0.5 [ID:3308],authentication_success
HEAD /health started [ID:5038],api_request
CPU starvation detected [ID:9115],resource_exhaustion
Disk quota exceeded for user 'app' [ID:4388],resource_exhaustion
Unexpected API exception: null pointer [ID:1636],api_error
File corruption detected [ID:6664],filesystem_error
Gateway returned 502 Bad Gateway [ID:3914],api_error
POST /api/orders crashed [ID:2931],api_error
Port scan detected from 192.168.1.50 [ID:6686],security_alert
Exceeded timeout limit [ID:9030],service_timeout
Token validated successfully [ID:4889],authentication_success
Blocked by firewall: inbound connection from blacklisted IP [ID:9815],security_alert
File corruption detected [ID:7085],filesystem_error
SSO login denied for token 12345 [ID:3026],authentication_failure
API error: internal server error [ID:4160],api_error
Intrusion attempt detected [ID:4038],security_alert
GET /api/v1/users returned error 500 [ID:3214],api_error
Untrusted binary execution prevented [ID:9268],security_alert
Unsupported configuration version [ID:9708],configuration_error
Disk quota exceeded for user 'app' [ID:7291],resource_exhaustion
POST /api/orders crashed [ID:2065],api_error
No space left on device [ID:1367],filesystem_error
Successfully authenticated user 'service_account' [ID:6588],authentication_success
Error parsing config: unexpected token [ID:5148],configuration_error
Successfully authenticated user 'service_account' [ID:1475],authentication_success
Unable to write to log file [ID:4926],filesystem_error
Route unavailable to 10.0.0.0/24 [ID:3170],network_error
Database unreachable: timeout [ID:8220],database_error
Multiple failed login attempts from single IP [ID:9272],security_alert
Network unreachable [ID:8665],network_error
Query failed: timeout [ID:6364],database_error
Configuration error: missing parameter 'db_host' [ID:1500],configuration_error
Cache eviction storm detected [ID:1133],resource_exhaustion
Unexpected API exception: null pointer [ID:5570],api_error
Timed out waiting for lock [ID:2118],service_timeout
Gateway unreachable [ID:4575],network_error
Authentication failed: invalid password [ID:7818],authentication_failure
GET /api/v2/status received [ID:9789],api_request
Unable to write to log file [ID:8853],filesystem_error
GET /api/v2/status received [ID:6170],api_request
Symbolic link loop detected [ID:6869],filesystem_error
Token validated successfully [ID:3688],authentication_success
OPTIONS /api/cors check executed [ID:3310],api_request
High network latency detected [ID:8316],network_error
Security alert: unauthorized access detected [ID:4395],security_alert
PATCH /api/settings initiated [ID:2283],api_request
Timed out waiting for lock [ID:5093],service_timeout
Health probe timed out [ID:1069],service_timeout
Health probe timed out [ID:8866],service_timeout
GET /api/v1/users returned error 500 [ID:7939],api_error
POST /api/orders crashed [ID:5344],api_error
Token successfully verified [ID:6085],authentication_success
Timed out waiting for lock [ID:3373],service_timeout
File not found: /etc/config.json [ID:8619],filesystem_error
Thread pool exhausted [ID:7140],resource_exhaustion
API responded with 409 Conflict [ID:1319],api_error
Query failed: timeout [ID:4708],database_error
TCP connection reset by peer [ID:7912],network_error
Disk quota exceeded for user 'app' [ID:7634],resource_exhaustion
Operation timed out [ID:6043],service_timeout
Symbolic link loop detected [ID:2197],filesystem_error
Database connection refused [ID:5869],database_error
Database unreachable: timeout [ID:8359],database_error
Malformed API request received [ID:1212],api_error
MFA challenge passed [ID:3122],authentication_success
Untrusted binary execution prevented [ID:2151],security_alert
Cache eviction storm detected [ID:2635],resource_exhaustion
Request stalled in queue [ID:7329],service_timeout
Unable to write to log file [ID:5944],filesystem_error
Unable to write to log file [ID:4829],filesystem_error
High network latency detected [ID:3691],network_error
Service timeout: upstream did not respond [ID:6957],service_timeout
Gateway returned 502 Bad Gateway [ID:6069],api_error
Insufficient memory to spawn new thread [ID:9689],resource_exhaustion
Authentication failed: invalid password [ID:7137],authentication_failure
Query failed: timeout [ID:8723],database_error
Request timed out after 30000ms [ID:1191],service_timeout
Incorrect permission on config file [ID:5452],configuration_error
Unable to write to log file [ID:1285],filesystem_error
Request timed out after 30000ms [ID:9644],service_timeout
Unauthorized access attempt from 192.168.1.50 [ID:9326],security_alert
Connection reset by peer [ID:7428],network_error
Error parsing config: unexpected token [ID:3447],configuration_error
Too many open files [ID:4730],resource_exhaustion
POST /api/login initiated [ID:9529],api_request
JSON syntax error in config [ID:6368],configuration_error
Token successfully verified [ID:3239],authentication_success
MFA challenge passed [ID:5774],authentication_success
MFA challenge passed [ID:4528],authentication_success
Blocked by firewall: inbound connection from blacklisted IP [ID:7226],security_alert
Service timeout: upstream did not respond [ID:8253],service_timeout
Access denied for user 'admin' [ID:2240],authentication_failure
Password attempt failed [ID:7719],authentication_failure
Intrusion attempt detected [ID:7943],security_alert
Request timed out after 30000ms [ID:1713],service_timeout
Accepted password for user 'root' [ID:1231],authentication_success
Database unreachable: timeout [ID:7341],database_error
Gateway returned 502 Bad Gateway [ID:7504],api_error
Authentication failed: invalid password [ID:3577],authentication_failure
Port scan detected from 192.168.1.50 [ID:6805],security_alert
System load exceeded threshold [ID:4924],resource_exhaustion
Database unreachable: timeout [ID:8212],database_error
DELETE /api/item/55 processed [ID:1177],api_request
Authentication succeeded [ID:8213],authentication_success
Symbolic link loop detected [ID:2869],filesystem_error
Request timed out after 30000ms [ID:1621],service_timeout
OPTIONS /api/cors check executed [ID:4816],api_request
Memory allocation failure [ID:9742],resource_exhaustion
Suspicious behavior detected: rapid requests [ID:4112],security_alert
POST /api/orders crashed [ID:6397],api_error
Access denied for user 'guest' [ID:7505],authentication_failure
Timeout contacting auth service [ID:1171],service_timeout
Accepted password for user 'service_account' [ID:5824],authentication_success
Too many open files [ID:7420],resource_exhaustion
Exceeded timeout limit [ID:2975],service_timeout
GET /api/v2/status received [ID:7995],api_request
Postgres connection failed [ID:8688],database_error
Successful authentication for user 'root' [ID:5678],authentication_success
Health probe timed out [ID:7947],service_timeout
API timeout while waiting for upstream [ID:7687],api_error
Login failed for user 'jdoe' [ID:6549],authentication_failure
Connection reset by peer [ID:4691],network_error
Unauthorized access attempt from 192.168.1.50 [ID:7785],security_alert
Timeout contacting auth service [ID:2494],service_timeout
Unauthorized access attempt from 10.0.0.5 [ID:6588],security_alert
Failed login attempt for user 'jdoe' [ID:9269],authentication_failure
Gateway returned 502 Bad Gateway [ID:8147],api_error
SSO login denied [ID:6809],authentication_failure
User 'test' blocked after failed login attempts [ID:9669],authentication_failure
High network latency detected [ID:7798],network_error
Malformed JSON in config file [ID:6830],configuration_error
Kerberos authentication failed [ID:9311],authentication_failure
HEAD /health started [ID:7228],api_request
GET /api/v2/status received [ID:7859],api_request
Incoming request GET /index.html [ID:1172],api_request
Accepted password for user 'guest' [ID:6584],authentication_success
TCP connection reset by peer [ID:7419],network_error
Token validated successfully [ID:9595],authentication_success
Timeout contacting auth service [ID:5887],service_timeout
API crashed due to unhandled exception [ID:6377],api_error
Migration failed for version 20231001 [ID:8448],database_error
Token successfully verified [ID:6782],authentication_success
DNS resolution failed for host 'db-primary' [ID:2070],network_error
Disk quota exceeded [ID:5486],filesystem_error
POST /api/orders crashed [ID:1569],api_error
Unable to write to log file [ID:5734],filesystem_error
Request stalled in queue [ID:4299],service_timeout
Relation 'users' does not exist [ID:8348],database_error
GET /api/v1/users returned error 500 [ID:2430],api_error
Cache eviction storm detected [ID:4340],resource_exhaustion
Access denied for user 'admin' [ID:4289],authentication_failure
Duplicate key value violates unique constraint [ID:6989],database_error
Migration failed for version 20231001 [ID:2470],database_error
Connection reset by peer [ID:4489],network_error
MFA verification failed [ID:4273],authentication_failure
Packet loss exceeded 5% [ID:7701],network_error
MFA challenge passed [ID:7127],authentication_success
Invalid credential provided for user 'service_account' [ID:7038],authentication_failure
Gateway returned 502 Bad Gateway [ID:2873],api_error
Unsupported configuration version [ID:7032],configuration_error
Gateway unreachable [ID:9839],network_error
Authentication succeeded [ID:5201],authentication_success
Query failed: timeout [ID:5337],database_error
POST /api/login initiated [ID:3001],api_request
Packet loss exceeded 5% [ID:2027],network_error
Network unreachable [ID:6630],network_error
Successful authentication for user 'test' [ID:9391],authentication_success
SSL handshake failed [ID:8987],network_error
API exception: null pointer [ID:2407],api_error
Thread pool exhausted [ID:3843],resource_exhaustion
Certificate validation fail for site example.com [ID:2411],security_alert
Incoming request GET /index.html [ID:8230],api_request
Cache eviction storm detected [ID:2753],resource_exhaustion
File not found: /etc/config.json [ID:1232],filesystem_error
Postgres connection failed [ID:6275],database_error
Error parsing config: unexpected token [ID:8707],configuration_error
Kerberos authentication failed [ID:9421],authentication_failure
Suspicious behavior detected: rapid requests [ID:8889],security_alert
Database connection refused [ID:1361],database_error
Symbolic link loop detected [ID:6909],filesystem_error
Authentication succeeded [ID:7401],authentication_success
Session established for user 'root' [ID:4198],authentication_success
Login succeeded [ID:4886],authentication_success
Connection refused by host [ID:2044],network_error
PUT /api/user/123 received [ID:5074],api_request
OPTIONS /api/cors check executed [ID:6573],api_request
Anomalous login from unusual location [ID:1761],security_alert
POST /api/orders crashed [ID:9612],api_error
Failed login attempt for user 'service_account' [ID:1281],authentication_failure
Insufficient memory to spawn new thread [ID:5762],resource_exhaustion
MFA challenge passed [ID:1899],authentication_success
Unexpected API exception: null pointer [ID:5732],api_error
Login failed for user 'guest' [ID:3702],authentication_failure
Missing environment variable 'API_KEY' [ID:5285],configuration_error
Security alert: unauthorized access detected [ID:1087],security_alert
GET /api/v2/status received [ID:2572],api_request
No space left on device [ID:1741],filesystem_error
Accepted password for user 'jdoe' [ID:8900],authentication_success
File not found: /etc/config.json [ID:5634],filesystem_error
Authentication succeeded [ID:9887],authentication_success
Unsupported configuration version [ID:7983],configuration_error
Network timeout connecting to host [ID:8507],network_error
API exception: null pointer [ID:2652],api_error
Malformed JSON in config file [ID:2533],configuration_error
Data breach alert: sensitive data access [ID:1096],security_alert
Health probe timed out [ID:6152],service_timeout
API responded with 409 Conflict [ID:1469],api_error
Incorrect permission on config file [ID:8907],configuration_error
Blocked by firewall: inbound connection from blacklisted IP [ID:5575],security_alert
Session established for user 'test' [ID:4452],authentication_success
API timeout while waiting for upstream [ID:8197],api_error
API responded with 409 Conflict [ID:9595],api_error
Access denied for user 'jdoe' [ID:6007],authentication_failure
Connection reset by peer [ID:7644],network_error
DNS resolution failed for host 'db-primary' [ID:6501],network_error
Directory /tmp/cache not accessible [ID:2507],filesystem_error
Out of memory: Kill process 1234 (java) [ID:3396],resource_exhaustion
DELETE /api/item/55 processed [ID:2401],api_request
Login succeeded [ID:7376],authentication_success
Memory allocation failure [ID:6616],resource_exhaustion
File corruption detected [ID:3425],filesystem_error
DELETE /api/item/55 processed [ID:6294],api_request
API crashed due to unhandled exception [ID:3752],api_error
Unexpected API exception: null pointer [ID:7142],api_error
Accepted password for user 'root' [ID:1846],authentication_success
Access denied for user 'service_account' [ID:3026],authentication_failure
Database error: connection lost [ID:9641],database_error
Service timeout: upstream did not respond [ID:3798],service_timeout
Out of memory: Kill process 1234 (java) [ID:3853],resource_exhaustion
Timeout accessing resource [ID:9383],service_timeout
Insufficient memory to spawn new thread [ID:9924],resource_exhaustion
API responded with 409 Conflict [ID:2447],api_error
Malformed JSON in config file [ID:3599],configuration_error
Password attempt failed [ID:5013],authentication_failure
TLS handshake error [ID:4274],network_error
Malformed JSON in config file [ID:7001],configuration_error
Unexpected API exception: null pointer [ID:5541],api_error
MFA challenge passed [ID:5177],authentication_success
Unknown configuration key 'feature_x' [ID:4464],configuration_error
Token invalid: signature mismatch [ID:4681],authentication_failure
Password attempt failed [ID:1410],authentication_failure
Connection timed out [ID:1845],service_timeout
OPTIONS /api/cors check executed [ID:5932],api_request
High network latency detected [ID:6618],network_error
Login succeeded [ID:7359],authentication_success
Out of memory: Kill process 1234 (java) [ID:7375],resource_exhaustion
API timeout while waiting for upstream [ID:1202],api_error
Successful authentication for user 'admin' [ID:3580],authentication_success
POST /api/login initiated [ID:1648],api_request
No space left on device [ID:1251],filesystem_error
TCP connection reset by peer [ID:4040],network_error
Unexpected API exception: null pointer [ID:2423],api_error
Directory /tmp/cache not accessible [ID:3158],filesystem_error
Thread pool exhausted [ID:1026],resource_exhaustion
Authentication failed: invalid password [ID:2869],authentication_failure
API responded with 409 Conflict [ID:9778],api_error
MFA challenge passed [ID:7877],authentication_success
DELETE /api/item/55 processed [ID:3999],api_request
Gateway unreachable [ID:3186],network_error
Privilege escalation attempt blocked [ID:8828],security_alert
Directory /tmp/cache not accessible [ID:6512],filesystem_error
Symbolic link loop detected [ID:1253],filesystem_error
High network latency detected [ID:8615],network_error
Invalid credential provided for user 'guest' [ID:9933],authentication_failure
POST /api/login initiated [ID:4351],api_request
Connection timed out [ID:6127],service_timeout
Thread pool exhausted [ID:9446],resource_exhaustion
Memory allocation failure [ID:7723],resource_exhaustion
OPTIONS /api/cors check executed [ID:3488],api_request
Database error: connection lost [ID:2701],database_error
API responded with 409 Conflict [ID:5264],api_error
Connection timed out [ID:8635],service_timeout
Malformed API request received [ID:9958],api_error
Duplicate key value violates unique constraint [ID:1676],database_error
Invalid credential provided for user 'test' [ID:2276],authentication_failure
Out of memory: Kill process 1234 (java) [ID:2712],resource_exhaustion
Transaction deadlock detected [ID:5533],database_error
Thread pool exhausted [ID:2504],resource_exhaustion
Token validated successfully [ID:4848],authentication_success
Blocked by firewall: inbound connection from blacklisted IP [ID:2771],security_alert
Token invalid: signature mismatch [ID:5749],authentication_failure
Anomalous login from unusual location [ID:6404],security_alert
Malformed API request received [ID:2049],api_error
Migration failed for version 20231001 [ID:7727],database_error
Database unreachable: timeout [ID:9734],database_error
No space left on device [ID:6066],filesystem_error
Request timed out after 30000ms [ID:4624],service_timeout
OOM-killed process apache2 [ID:8457],resource_exhaustion
System load exceeded threshold [ID:3198],resource_exhaustion
Unauthorized access attempt from 192.168.1.50 [ID:9401],security_alert
Gateway unreachable [ID:2244],network_error
Token validated successfully [ID:6245],authentication_success
Connection timed out [ID:4281],service_timeout
Permission denied: /var/log/syslog [ID:2916],filesystem_error
Postgres connection failed [ID:4155],database_error
Gateway returned 502 Bad Gateway [ID:5282],api_error
Memory allocation failure [ID:3520],resource_exhaustion
OOM-killed process apache2 [ID:1947],resource_exhaustion
System load exceeded threshold [ID:2064],resource_exhaustion
MFA verification failed [ID:2401],authentication_failure
GET /api/v2/status received [ID:9575],api_request
TCP connection reset by peer [ID:4463],network_error
System load exceeded threshold [ID:9375],resource_exhaustion
Token validated successfully [ID:8600],authentication_success
POST /api/login initiated [ID:5057],api_request
Query failed: timeout [ID:3171],database_error
POST /api/orders crashed [ID:7461],api_error
Permission denied: /var/log/syslog [ID:8705],filesystem_error
Request timed out after 30000ms [ID:1918],service_timeout
API timeout while waiting for upstream [ID:8203],api_error
Failed to delete temporary file [ID:1914],filesystem_error
Audit log: suspicious action by user. [ID:50033],security_alert
Unable to retrieve data from table 'users'. [ID:73443],database_error
System is running low on RAM. [ID:67528],resource_exhaustion
Path /var/log is not writable. [ID:75769],filesystem_error
Connectivity to upstream is lost. [ID:87042],network_error
Query execution stopped unexpectedly. [ID:27477],database_error
Unusual activity detected from 8.8.8.8. [ID:28348],security_alert
Directory listing failed. [ID:63479],filesystem_error
Link to server is down. [ID:23468],network_error
User 'charlie' could not be verified by the system. [ID:67791],authentication_failure
File handle is invalid. [ID:12267],filesystem_error
Entry prohibited: bad key for user 'dave'. [ID:78898],authentication_failure
Authorization step did not complete for 'charlie'. [ID:35107],authentication_failure
Data retrieval operation did not finish. [ID:54071],database_error
Logon attempt was not successful for 'charlie'. [ID:32680],authentication_failure
User 'eve' provided the wrong pass phrase. [ID:33304],authentication_failure
System access allowed for 'dave'. [ID:57672],authentication_success
Connectivity to upstream is lost. [ID:74304],network_error
Request from 172.16.0.1 looks malicious. [ID:37498],security_alert
Credential check passed for 'charlie'. [ID:62915],authentication_success
Request from 8.8.8.8 looks malicious. [ID:13046],security_alert
"Welcome back, 'bob'. Session started. [ID:44341]",authentication_success
Unable to reach host 192.168.1.1. [ID:60504],network_error
Cannot open file for writing. [ID:54663],filesystem_error
Record insertion was halted. [ID:34063],database_error
File handle is invalid. [ID:39574],filesystem_error
Data transmission interrupted. [ID:18640],network_error
Logon process completed for 'dave'. [ID:37056],authentication_success
User 'charlie' is authorized to proceed. [ID:98251],authentication_success
Cannot allocate more memory blocks. [ID:59233],resource_exhaustion
Link to server is down. [ID:52662],network_error
Cannot open file for writing. [ID:24264],filesystem_error
Cannot establish link with remote peer. [ID:90196],network_error
Credentials rejected during entry attempt by 'eve'. [ID:97954],authentication_failure
The system refused to let user 'eve' in. [ID:95660],authentication_failure
Processor usage is at maximum capacity. [ID:94638],resource_exhaustion
Record insertion was halted. [ID:13446],database_error
Network path is currently broken. [ID:90543],network_error
User 'dave' is authorized to proceed. [ID:58306],authentication_success
Storage medium is read-only. [ID:82203],filesystem_error
System integrity check warning. [ID:15086],security_alert
User 'charlie' has been recognized. [ID:17479],authentication_success
Unable to retrieve data from table 'users'. [ID:43904],database_error
Connectivity to upstream is lost. [ID:86056],network_error
Unable to retrieve data from table 'users'. [ID:41868],database_error
Data retrieval operation did not finish. [ID:54175],database_error
Audit log: suspicious action by user. [ID:61613],security_alert
Resource limits have been hit. [ID:39892],resource_exhaustion
Ping to 8.8.8.8 was not returned. [ID:28750],network_error
SQL command could not be finished. [ID:83166],database_error
Connectivity to upstream is lost. [ID:34439],network_error
User 'mallory' could not be verified by the system. [ID:76242],authentication_failure
Entry granted to 'mallory'. [ID:26156],authentication_success
Data persistence layer is having trouble. [ID:41111],database_error
Identity confirmed for 'mallory'. [ID:27264],authentication_success
User 'bob' is now in the system. [ID:76826],authentication_success
Storage volume is completely full. [ID:27284],resource_exhaustion
SQL command could not be finished. [ID:28259],database_error
Cannot establish link with remote peer. [ID:73292],network_error
System is running low on RAM. [ID:28849],resource_exhaustion
Socket communication ended abruptly. [ID:51328],network_error
System integrity check warning. [ID:16743],security_alert
Record insertion was halted. [ID:61145],database_error
Identity confirmed for 'bob'. [ID:87938],authentication_success
Logon attempt was not successful for 'charlie'. [ID:94523],authentication_failure
System integrity check warning. [ID:41767],security_alert
Storage volume is completely full. [ID:62503],resource_exhaustion
Operational capacity reached. [ID:46057],resource_exhaustion
System is thrashing due to load. [ID:20588],resource_exhaustion
File system reported a problem. [ID:62327],filesystem_error
Cannot allocate more memory blocks. [ID:81615],resource_exhaustion
Table lookup issue encountered. [ID:90559],database_error
Unable to retrieve data from table 'users'. [ID:91234],database_error
Operational capacity reached. [ID:62998],resource_exhaustion
Credentials rejected during entry attempt by 'alice'. [ID:49684],authentication_failure
Resource limits have been hit. [ID:15985],resource_exhaustion
Link to server is down. [ID:34684],network_error
Heuristic analysis flagged this request. [ID:93687],security_alert
User 'dave' could not be verified by the system. [ID:90571],authentication_failure
Link to server is down. [ID:55948],network_error
User 'dave' is now in the system. [ID:43565],authentication_success
No more threads available for new tasks. [ID:77814],resource_exhaustion
Anomaly detected in user behavior. [ID:47256],security_alert
File access issue encountered. [ID:42101],filesystem_error
File system reported a problem. [ID:70401],filesystem_error
The system refused to let user 'charlie' in. [ID:53008],authentication_failure
Remote host 192.168.1.1 is not answering. [ID:70697],network_error
Table lookup issue encountered. [ID:35133],database_error
File system reported a problem. [ID:35890],filesystem_error
Entry prohibited: bad key for user 'mallory'. [ID:25482],authentication_failure
Cannot allocate more memory blocks. [ID:84597],resource_exhaustion
Entry granted to 'charlie'. [ID:52587],authentication_success
Path /var/log is not writable. [ID:93780],filesystem_error
System integrity check warning. [ID:52548],security_alert
Account 'bob' validation did not pass. [ID:58651],authentication_failure
Security monitor raised a flag. [ID:28448],security_alert
Request from 8.8.8.8 looks malicious. [ID:51246],security_alert
Processor usage is at maximum capacity. [ID:75071],resource_exhaustion
Ping to 8.8.8.8 was not returned. [ID:65622],network_error
Storage medium is read-only. [ID:71198],filesystem_error
Could not fetch records due to backend issue. [ID:66250],database_error
Connectivity to upstream is lost. [ID:96704],network_error
Table lookup issue encountered. [ID:30431],database_error
Ping to 8.8.8.8 was not returned. [ID:24557],network_error
Traffic flow to 172.16.0.1 has stopped. [ID:25372],network_error
Credential check passed for 'mallory'. [ID:70047],authentication_success
System is thrashing due to load. [ID:99346],resource_exhaustion
Storage backend is not responding. [ID:24333],database_error
Anomaly detected in user behavior. [ID:28783],security_alert
System integrity check warning. [ID:63988],security_alert
Could not fetch records due to backend issue. [ID:72599],database_error
Directory listing failed. [ID:67443],filesystem_error
Table lookup issue encountered. [ID:78939],database_error
Remote host 8.8.8.8 is not answering. [ID:31037],network_error
Processor usage is at maximum capacity. [ID:85381],resource_exhaustion
Credential check passed for 'mallory'. [ID:26891],authentication_success
Cannot open file for writing. [ID:60106],filesystem_error
Cannot establish link with remote peer. [ID:67318],network_error
Data transmission interrupted. [ID:28543],network_error
Entry granted to 'alice'. [ID:43488],authentication_success
File access issue encountered. [ID:35089],filesystem_error
Security monitor raised a flag. [ID:60680],security_alert
Storage backend is not responding. [ID:30832],database_error
Path /var/log is not writable. [ID:86408],filesystem_error
Pass phrase accepted for 'charlie'. [ID:93555],authentication_success
Traffic flow to 10.0.0.1 has stopped. [ID:76226],network_error
System access allowed for 'dave'. [ID:44053],authentication_success
System is running low on RAM. [ID:71095],resource_exhaustion
Unable to reach host 10.0.0.1. [ID:32657],network_error
Computing power is fully drained. [ID:34425],resource_exhaustion
Data transmission interrupted. [ID:25009],network_error
Link to server is down. [ID:20658],network_error
Incorrect secret provided by 'alice'. [ID:93107],authentication_failure
User 'dave' provided the wrong pass phrase. [ID:39372],authentication_failure
System integrity check warning. [ID:46922],security_alert
Credential check passed for 'eve'. [ID:74587],authentication_success
Table lookup issue encountered. [ID:85812],database_error
Unable to reach host 8.8.8.8. [ID:44323],network_error
Could not fetch records due to backend issue. [ID:44302],database_error
Logon attempt was not successful for 'alice'. [ID:50357],authentication_failure
Safety protocol triggered by event. [ID:99595],security_alert
Swap space is fully utilized. [ID:86404],resource_exhaustion
Cannot allocate more memory blocks. [ID:49998],resource_exhaustion
Traffic flow to 172.16.0.1 has stopped. [ID:53649],network_error
User 'eve' provided the wrong pass phrase. [ID:66147],authentication_failure
Link to server is down. [ID:37063],network_error
Computing power is fully drained. [ID:63943],resource_exhaustion
No more threads available for new tasks. [ID:32326],resource_exhaustion
Storage medium is read-only. [ID:19378],filesystem_error
Cannot establish link with remote peer. [ID:19757],network_error
Credential check passed for 'bob'. [ID:88977],authentication_success
File handle is invalid. [ID:45631],filesystem_error
Identity check returned negative for 'bob'. [ID:62768],authentication_failure
Db link severed during operation. [ID:89659],database_error
Identity confirmed for 'mallory'. [ID:87852],authentication_success
Cannot allocate more memory blocks. [ID:71715],resource_exhaustion
System integrity check warning. [ID:73755],security_alert
No more threads available for new tasks. [ID:79380],resource_exhaustion
Cannot write to disk: volume full. [ID:73100],filesystem_error
Storage volume is completely full. [ID:96095],resource_exhaustion
Logon attempt was not successful for 'bob'. [ID:20578],authentication_failure
Entry granted to 'bob'. [ID:71684],authentication_success
Remote host 172.16.0.1 is not answering. [ID:80318],network_error
Remote host 192.168.1.1 is not answering. [ID:43746],network_error
"Welcome back, 'mallory'. Session started. [ID:96588]",authentication_success
Resource limits have been hit. [ID:41653],resource_exhaustion
User 'alice' is now in the system. [ID:29940],authentication_success
Cannot write to disk: volume full. [ID:61520],filesystem_error
User 'bob' has been recognized. [ID:83603],authentication_success
Storage volume is completely full. [ID:20127],resource_exhaustion
Cannot open file for writing. [ID:51717],filesystem_error
Unusual activity detected from 10.0.0.1. [ID:31574],security_alert
The system refused to let user 'alice' in. [ID:21405],authentication_failure
Storage medium is read-only. [ID:15431],filesystem_error
No more threads available for new tasks. [ID:39352],resource_exhaustion
Identity check returned negative for 'eve'. [ID:28148],authentication_failure
Security monitor raised a flag. [ID:95101],security_alert
Unusual activity detected from 8.8.8.8. [ID:30451],security_alert
Cannot write to disk: volume full. [ID:73571],filesystem_error
Path /var/log is not writable. [ID:52302],filesystem_error
Identity confirmed for 'eve'. [ID:25775],authentication_success
Connectivity to upstream is lost. [ID:18904],network_error
Unusual activity detected from 172.16.0.1. [ID:68145],security_alert
The system refused to let user 'bob' in. [ID:16919],authentication_failure
Credentials rejected during entry attempt by 'eve'. [ID:72619],authentication_failure
Disk I/O operation halted. [ID:76892],filesystem_error
Link to server is down. [ID:28349],network_error
Connectivity to upstream is lost. [ID:63627],network_error
Data persistence layer is having trouble. [ID:45758],database_error
Table lookup issue encountered. [ID:40501],database_error
Storage backend is not responding. [ID:41132],database_error
Credentials rejected during entry attempt by 'alice'. [ID:77035],authentication_failure
Ping to 192.168.1.1 was not returned. [ID:11501],network_error
Db link severed during operation. [ID:40703],database_error
Pass phrase accepted for 'bob'. [ID:12229],authentication_success
User 'dave' is authorized to proceed. [ID:86234],authentication_success
SQL command could not be finished. [ID:87142],database_error
Pass phrase accepted for 'eve'. [ID:53626],authentication_success
Storage medium is read-only. [ID:48439],filesystem_error
Credential check passed for 'charlie'. [ID:79397],authentication_success
Cannot allocate more memory blocks. [ID:25109],resource_exhaustion
System is running low on RAM. [ID:62999],resource_exhaustion
Security monitor raised a flag. [ID:36772],security_alert
Computing power is fully drained. [ID:64601],resource_exhaustion
Logon process completed for 'eve'. [ID:71759],authentication_success
User 'eve' is now in the system. [ID:93224],authentication_success
Security monitor raised a flag. [ID:67793],security_alert
System access allowed for 'charlie'. [ID:51114],authentication_success
Swap space is fully utilized. [ID:76421],resource_exhaustion
"Welcome back, 'charlie'. Session started. [ID:94935]",authentication_success
Link to server is down. [ID:52051],network_error
Authorization step did not complete for 'mallory'. [ID:48645],authentication_failure
Entry prohibited: bad key for user 'bob'. [ID:85892],authentication_failure
Unable to retrieve data from table 'users'. [ID:98162],database_error
Connectivity to upstream is lost. [ID:66629],network_error
Credentials rejected during entry attempt by 'charlie'. [ID:14305],authentication_failure
Security monitor raised a flag. [ID:70748],security_alert
Data persistence layer is having trouble. [ID:25967],database_error
Storage medium is read-only. [ID:91896],filesystem_error
Storage volume is completely full. [ID:36527],resource_exhaustion
Path /var/log is not writable. [ID:38911],filesystem_error
Ping to 172.16.0.1 was not returned. [ID:87232],network_error
Credentials rejected during entry attempt by 'charlie'. [ID:40421],authentication_failure
Record insertion was halted. [ID:26326],database_error
SQL command could not be finished. [ID:95103],database_error
Disk I/O operation halted. [ID:67115],filesystem_error
User 'eve' is authorized to proceed. [ID:46968],authentication_success
User 'bob' is authorized to proceed. [ID:16357],authentication_success
SQL command could not be finished. [ID:58153],database_error
Potential threat identified in request. [ID:70301],security_alert
Authorization step did not complete for 'bob'. [ID:26604],authentication_failure
Connectivity to upstream is lost. [ID:81714],network_error
System access allowed for 'mallory'. [ID:78801],authentication_success
File system reported a problem. [ID:74068],filesystem_error
Unable to retrieve data from table 'users'. [ID:59674],database_error
Swap space is fully utilized. [ID:61388],resource_exhaustion
Storage backend is not responding. [ID:46193],database_error
Table lookup issue encountered. [ID:31108],database_error
System is running low on RAM. [ID:47400],resource_exhaustion
The system refused to let user 'mallory' in. [ID:71469],authentication_failure
Cannot allocate more memory blocks. [ID:20500],resource_exhaustion
Credential check passed for 'dave'. [ID:75708],authentication_success
Safety protocol triggered by event. [ID:15168],security_alert
Socket communication ended abruptly. [ID:91102],network_error
Disk I/O operation halted. [ID:38183],filesystem_error
Record insertion was halted. [ID:12610],database_error
User 'dave' is authorized to proceed. [ID:87720],authentication_success
Cannot open file for writing. [ID:55562],filesystem_error
Entry granted to 'dave'. [ID:34404],authentication_success
Swap space is fully utilized. [ID:45846],resource_exhaustion
